{
  "AE": [51.590737, 22.705773, 56.376954, 26.050548],
  "AF": [60.518614, 29.396849, 74.889862, 38.001274],
  "AL": [19.281081, 39.691507, 20.982442, 42.628914],
  "AM": [43.470476, 38.844683, 46.533629, 41.297086],
  "AO": [11.754386, -17.909328, 24.083237, -4.360704],
  "AQ": [-179.999911, -85.051129, 179.999419, -63.246464],
  "AR": [-73.136216, -54.942489, -53.640547, -22.086246],
  "AT": [9.530741, 46.522993, 17.160761, 48.907741],
  "AU": [113.406958, -43.600177, 153.551904, -11.074181],
  "AZ": [44.767133, 38.415867, 49.844217, 41.91234],
  "BA": [15.72117, 42.560511, 19.226289, 44.855644],
  "BD": [88.008614, 21.11832, 92.67992, 26.166206],
  "BE": [2.545427, 49.546275, 6.405468, 51.374811],
  "BF": [-5.511927, 9.490458, 2.402183, 15.085489],
  "BG": [22.360344, 41.339032, 28.57904, 44.215343],
  "BH": [50.480292, 26.067333, 50.617565, 26.235962],
  "BI": [29.04037, -4.426231, 30.850082, -2.326724],
  "BJ": [0.917151, 6.234717, 3.849991, 12.403895],
  "BN": [114.075926, 4.316541, 115.025547, 4.923225],
  "BO": [-69.641226, -22.808813, -57.758701, -9.897949],
  "BR": [-73.982277, -33.744174, -34.833881, 5.254529],
  "BS": [-78.732113, 24.999961, -76.135254, 26.707184],
  "BT": [88.745768, 26.7044, 92.115409, 28.240807],
  "BW": [19.997399, -26.907379, 29.37137, -17.787634],
  "BY": [23.178338, 51.262113, 32.764264, 56.169475],
  "BZ": [-89.224482, 15.890352, -88.16792, 18.488206],
  "CA": [-141.001855, 42.178246, -53.615462, 83.102674],
  "CD": [12.200269, -13.447642, 31.306407, 5.162582],
  "CF": [14.422833, 2.222687, 27.454347, 11.002006],
  "CG": [11.146586, -5.031775, 18.631997, 3.618852],
  "CH": [6.063857, 45.916877, 10.469732, 47.692763],
  "CI": [-8.412859, 4.360853, -2.588608, 10.433222],
  "CL": [-74.705374, -54.895697, -67.18144, -17.49855],
  "CM": [8.59223, 2.169051, 16.190765, 13.076269],
  "CN": [73.599819, 21.144707, 134.762115, 53.424591],
  "CO": [-78.808393, -4.22726, -66.854915, 11.814596],
  "CR": [-85.693369, 8.039415, -82.564335, 11.078966],
  "CU": [-84.347902, 19.826195, -74.148199, 23.097002],
  "CY": [32.568718, 34.643826, 34.002284, 35.358593],
  "CZ": [12.101008, 48.614386, 18.850919, 50.870567],
  "D0AMAZ1": [45.977822, 38.867508, 47.327684, 40.223257],
  "D0BRUY1": [-56.009484, -31.082533, -55.812956, -30.864732],
  "D0BTCN2": [89.01516, 27.507977, 89.162158, 27.616324],
  "D0CNIN0": [91.642996, 26.88913, 97.345243, 29.317934],
  "D0CNIN1": [76.023161, 35.485659, 77.518736, 36.435801],
  "D0CNIN2": [77.92412, 33.386916, 80.365171, 35.859737],
  "D0CNIN3": [79.151971, 32.556002, 79.510366, 33.181869],
  "D0CNIN8": [78.88339, 31.072993, 79.413061, 31.308828],
  "D0CY1": [32.590873, 34.99887, 34.002284, 35.189563],
  "D0EGSD1": [34.081392, 22.000942, 36.880851, 23.146285],
  "D0EGSD2": [33.172473, 22.002289, 34.081392, 22.006462],
  "D0GE1": [40.008472, 42.39081, 42.142015, 43.548405],
  "D0GE2": [43.794473, 42.626821, 44.232382, 42.745652],
  "D0GFSR1": [-54.601549, 2.179056, -54.069939, 3.302757],
  "D0GYSR1": [-58.328449, 1.601056, -56.487071, 3.36924],
  "D0ILSY1": [35.6253, 32.691076, 35.786264, 33.332626],
  "D0INNP1": [80.540747, 30.169459, 81.03456, 30.449059],
  "D0INPK1": [73.515454, 32.791959, 76.77707, 37.030852],
  "D0INPK2": [74.453194, 32.326267, 79.276039, 35.658176],
  "D0KESS1": [34.413597, 4.624649, 35.934149, 5.50264],
  "D0SDSS1": [27.833, 9.343871, 28.999272, 9.785049],
  "D0SDSS2": [23.469478, 8.699422, 24.845288, 9.816389],
  "DE": [6.021009, 47.534058, 14.974183, 54.911515],
  "DJ": [41.78969, 10.983036, 43.257941, 12.706735],
  "DK": [8.171148, 54.83201, 12.523724, 56.684481],
  "DO": [-71.758547, 18.031399, -68.323875, 19.90293],
  "DZ": [-8.667992, 19.122641, 11.994246, 37.075299],
  "EC": [-80.802316, -4.962354, -75.257811, 1.426848],
  "EE": [23.730794, 57.518197, 28.040038, 59.563939],
  "EG": [24.999295, 21.999525, 36.880851, 31.671477],
  "EH": [-17.04871, 20.769715, -8.666337, 27.683472],
  "ER": [36.555975, 12.362913, 43.133854, 17.999222],
  "ES": [-8.788142, 36.152828, 3.173868, 43.544559],
  "ET": [33.035653, 3.536391, 47.922093, 14.670309],
  "FI": [20.54719, 59.823872, 31.587859, 70.074998],
  "FR": [-4.752176, 42.435449, 8.232379, 51.089056],
  "GA": [9.301265, -3.956, 14.464825, 2.17678],
  "GB": [-5.804855, 50.347517, 1.699339, 58.643521],
  "GE": [40.008472, 41.12304, 46.425759, 43.548405],
  "GF": [-54.601549, 2.179056, -51.629107, 5.717868],
  "GH": [-3.117159, 5.033405, 1.200136, 11.137269],
  "GL": [-73.028551, 60.07722, -11.620277, 83.658691],
  "GM": [-16.737216, 13.045758, -13.859413, 13.765428],
  "GN": [-14.912492, 7.474408, -7.724516, 12.675597],
  "GP": [-61.074138, 16.319449, -61.004461, 16.338103],
  "GQ": [9.797639, 0.998157, 11.355987, 2.347473],
  "GR": [20.009108, 37.377748, 26.357392, 41.711114],
  "GT": [-92.229561, 13.745431, -88.233252, 17.815581],
  "GW": [-16.71528, 10.979262, -13.706953, 12.682905],
  "GY": [-60.736514, 1.227582, -56.487071, 8.534915],
  "HN": [-89.355935, 12.987218, -83.14879, 15.981178],
  "HR": [13.581837, 42.420345, 19.022368, 46.46978],
  "HU": [16.113867, 45.922034, 22.897221, 48.464304],
  "ID": [95.195469, -9.463162, 141.019563, 5.521216],
  "IE": [-10.391814, 51.886448, -6.268299, 55.067215],
  "IL": [34.267646, 29.49558, 35.786264, 33.332626],
  "IN": [68.196717, 8.292055, 97.345243, 37.030852],
  "IQ": [38.793674, 29.10117, 48.614746, 37.314612],
  "IR": [44.038259, 25.177872, 63.193163, 39.678247],
  "IS": [-24.08278, 63.40012, -13.651279, 66.415589],
  "IT": [6.629968, 36.647714, 16.86652, 46.854654],
  "JO": [34.960402, 29.261721, 39.200932, 33.374735],
  "JP": [129.691892, 31.461918, 145.469389, 45.523032],
  "KE": [33.939467, -4.684401, 41.91094, 4.632482],
  "KG": [70.495739, 39.181173, 80.174858, 42.919146],
  "KH": [102.35675, 10.423206, 107.603268, 14.686113],
  "KP": [124.217825, 37.842883, 130.699017, 42.54736],
  "KR": [126.447685, 34.723076, 129.582465, 38.617191],
  "KW": [46.55304, 28.534445, 48.431641, 30.008509],
  "KY": [-81.38125, 19.279635, -81.162037, 19.377976],
  "KZ": [46.617876, 40.676829, 87.278025, 55.350852],
  "LA": [100.084653, 13.936974, 107.556558, 22.400736],
  "LB": [35.103668, 33.094055, 36.60322, 34.640497],
  "LI": [9.475795, 47.051752, 9.607066, 47.270575],
  "LK": [79.841826, 6.403066, 81.706938, 8.993132],
  "LR": [-11.465237, 4.360853, -7.377165, 8.485845],
  "LS": [27.17627, -30.41104, 29.30575, -28.70425],
  "LT": [21.064553, 53.956349, 26.744359, 56.383667],
  "LU": [5.818473, 49.469662, 6.380309, 50.129099],
  "LV": [21.064553, 55.680676, 28.151256, 58.040151],
  "LY": [9.399504, 19.508706, 25.142778, 33.166862],
  "MA": [-17.04871, 20.769715, -1.124298, 35.912399],
  "MD": [26.630374, 45.46893, 29.978858, 48.47008],
  "ME": [18.435428, 41.875322, 20.355482, 43.513808],
  "MG": [43.536131, -25.289633, 50.01108, -12.806375],
  "MK": [20.59389, 40.855507, 22.936359, 42.311393],
  "ML": [-12.240255, 10.172235, 4.244507, 24.999853],
  "MM": [92.224803, 10.423019, 101.143187, 28.215535],
  "MN": [87.814455, 41.581833, 119.903948, 52.147507],
  "MR": [-17.04871, 14.763597, -4.829981, 27.312916],
  "MU": [57.372824, -20.494028, 57.780318, -20.015097],
  "MW": [32.811733, -17.125909, 35.852553, -9.393252],
  "MX": [-117.124668, 14.530141, -87.534913, 32.718688],
  "MY": [100.11995, 0.854095, 119.26723, 7.035395],
  "MZ": [30.216668, -26.858864, 40.522788, -10.470887],
  "NA": [11.754386, -28.632109, 25.25623, -16.982252],
  "NE": [0.228621, 11.695383, 15.555196, 23.517959],
  "NG": [2.691069, 4.325239, 14.085288, 13.737011],
  "NI": [-87.308256, 10.771284, -83.14879, 14.99701],
  "NL": [4.243196, 50.754288, 7.209801, 53.313364],
  "NO": [5.302875, 58.291687, 31.063922, 71.131542],
  "NP": [80.06494, 26.488637, 88.135318, 30.197187],
  "NZ": [166.454694, -46.62241, 178.085283, -36.117559],
  "OM": [52, 16.650084, 59.224793, 24.981369],
  "PA": [-82.935903, 7.218664, -77.28809, 9.572325],
  "PE": [-81.043651, -18.35166, -68.652117, -0.116816],